{
  "slope": 10.30518758772722,
  "intercept": -40.63871602774799,
  "r_squared": 0.6612233323471719,
  "rmse": 3.5815167095745317,
  "mae": 2.7971954937628714,
  "feature_used": "RM",
  "created_at": "2025-05-28T19:04:37.9384601+05:00"
}
